{"cameraMode":{"drawMode":0,"name":"Shaded","section":"Shading Mode"},"sceneLighting":true,"audioPlay":false,"sceneViewState":{"m_AlwaysRefresh":false,"showFog":true,"showSkybox":true,"showFlares":true,"showImageEffects":true,"showParticleSystems":true,"showVisualEffectGraphs":true,"m_FxEnabled":true},"in2DMode":false,"pivot":{"x":15.023473739624024,"y":7.2991719245910648,"z":-14.524896621704102},"rotation":{"x":0.017542751505970956,"y":-0.0001355839049210772,"z":-0.0013637965312227607,"w":-1.0002299547195435},"size":0.9500714540481567,"orthographic":false}