{"cameraMode":{"drawMode":0,"name":"Shaded","section":"Shading Mode"},"sceneLighting":true,"audioPlay":false,"sceneViewState":{"m_AlwaysRefresh":false,"showFog":true,"showSkybox":true,"showFlares":true,"showImageEffects":true,"showParticleSystems":true,"showVisualEffectGraphs":true,"m_FxEnabled":true},"in2DMode":false,"pivot":{"x":0.07662764936685562,"y":2.3484957218170168,"z":10.52365779876709},"rotation":{"x":-0.11953470855951309,"y":0.010020979680120945,"z":0.017565255984663965,"w":-0.9935749173164368},"size":2.1071066856384279,"orthographic":false}